sep=;
Run time (s);Round;Exception;deadline;Agreement;Discounted;#agreeing;min.util.;max.util.;Dist. to Pareto;Dist. to Nash;Social Welfare;Agent 1;Agent 2;Utility 1;Utility 2;Disc. Util. 1;Disc. Util. 2;Perceived. Util. 1;Perceived. Util. 2;User Bother 1;User Bother 2;User Util. 1;User Util. 2;Profile 1;Profile 2
0,713;291;;300rounds;Yes;No;2;0,78591;0,81500;0,07806;0,14578;1,60091;Group2@0;PokerFace@1;0.815;0.785905062151012;0.815;0.785905062151012;0.815;0.785905062151012;0.0;0.0;0.815;0.785905062151012;party1_utility.xml;party2_utility.xml
0,672;292;;300rounds;Yes;No;2;0,77250;0,91209;0,01483;0,02068;1,68459;PokerFace@2;Group2@3;0.7725;0.9120887338395958;0.7725;0.9120887338395958;0.7725;0.9120887338395958;0.0;0.0;0.7725;0.9120887338395958;party1_utility.xml;party2_utility.xml
0,235;87;;300rounds;Yes;No;2;0,72167;0,95238;0,02381;0,06766;1,67404;TUDMixedStrategyAgent@4;Group2@5;0.7216666666666667;0.9523769815965673;0.7216666666666667;0.9523769815965673;0.7216666666666667;0.9523769815965673;0.0;0.0;0.7216666666666667;0.9523769815965673;party1_utility.xml;party2_utility.xml
0,398;153;;300rounds;Yes;No;2;0,49465;0,97500;0,00000;0,47369;1,46965;Group2@6;TUDMixedStrategyAgent@7;0.975;0.49464690002105177;0.975;0.49464690002105177;0.975;0.49464690002105177;0.0;0.0;0.975;0.49464690002105177;party1_utility.xml;party2_utility.xml
0,255;102;;300rounds;Yes;No;2;0,68493;0,88167;0,00000;0,26211;1,56660;PokerFace@8;TUDMixedStrategyAgent@9;0.8816666666666667;0.6849303286683233;0.8816666666666667;0.6849303286683233;0.8816666666666667;0.6849303286683233;0.0;0.0;0.8816666666666667;0.6849303286683233;party1_utility.xml;party2_utility.xml
0,170;71;;300rounds;Yes;No;2;0,77250;0,86383;0,04218;0,06594;1,63633;TUDMixedStrategyAgent@10;PokerFace@11;0.7725;0.863825759227598;0.7725;0.863825759227598;0.7725;0.863825759227598;0.0;0.0;0.7725;0.863825759227598;party1_utility.xml;party2_utility.xml
