sep=;
Run time (s);Round;Exception;deadline;Agreement;Discounted;#agreeing;min.util.;max.util.;Dist. to Pareto;Dist. to Nash;Social Welfare;Agent 1;Agent 2;Utility 1;Utility 2;Disc. Util. 1;Disc. Util. 2;Perceived. Util. 1;Perceived. Util. 2;User Bother 1;User Bother 2;User Util. 1;User Util. 2;Profile 1;Profile 2
0,754;293;;300rounds;Yes;No;2;0,78500;0,90411;0,00000;0,02445;1,68911;Group2@0;PokerFace@1;0.7850000000000001;0.9041140069845697;0.7850000000000001;0.9041140069845697;0.7850000000000001;0.9041140069845697;0.0;0.0;0.7850000000000001;0.9041140069845697;party1_utility.xml;party2_utility.xml
0,693;290;;300rounds;Yes;No;2;0,78500;0,92857;0,00000;0,00000;1,71357;PokerFace@2;Group2@3;0.7849999999999999;0.9285654723948509;0.7849999999999999;0.9285654723948509;0.7849999999999999;0.9285654723948509;0.0;0.0;0.7849999999999999;0.9285654723948509;party1_utility.xml;party2_utility.xml
0,235;87;;300rounds;Yes;No;2;0,72167;0,95238;0,02381;0,06766;1,67404;TUDMixedStrategyAgent@4;Group2@5;0.7216666666666667;0.9523769815965673;0.7216666666666667;0.9523769815965673;0.7216666666666667;0.9523769815965673;0.0;0.0;0.7216666666666667;0.9523769815965673;party1_utility.xml;party2_utility.xml
0,391;153;;300rounds;Yes;No;2;0,49465;0,97500;0,00000;0,47369;1,46965;Group2@6;TUDMixedStrategyAgent@7;0.975;0.49464690002105177;0.975;0.49464690002105177;0.975;0.49464690002105177;0.0;0.0;0.975;0.49464690002105177;party1_utility.xml;party2_utility.xml
0,288;115;;300rounds;Yes;No;2;0,71383;0,87833;0,02445;0,23414;1,59216;PokerFace@8;TUDMixedStrategyAgent@9;0.8783333333333334;0.713830578337298;0.8783333333333334;0.713830578337298;0.8783333333333334;0.713830578337298;0.0;0.0;0.8783333333333334;0.713830578337298;party1_utility.xml;party2_utility.xml
0,170;75;;300rounds;Yes;No;2;0,78500;0,92857;0,00000;0,00000;1,71357;TUDMixedStrategyAgent@10;PokerFace@11;0.7849999999999999;0.9285654723948509;0.7849999999999999;0.9285654723948509;0.7849999999999999;0.9285654723948509;0.0;0.0;0.7849999999999999;0.9285654723948509;party1_utility.xml;party2_utility.xml
