sep=;
Run time (s);Round;Exception;deadline;Agreement;Discounted;#agreeing;min.util.;max.util.;Dist. to Pareto;Dist. to Nash;Social Welfare;Agent 1;Agent 2;Utility 1;Utility 2;Disc. Util. 1;Disc. Util. 2;Perceived. Util. 1;Perceived. Util. 2;User Bother 1;User Bother 2;User Util. 1;User Util. 2;Profile 1;Profile 2
11,988;10546;;12s;Yes;No;2;0,61434;0,84833;0,07806;0,32054;1,46268;Group2@0;PokerFace@1;0.8483333333333333;0.6143444022381985;0.8483333333333333;0.6143444022381985;0.8483333333333333;0.6143444022381985;0.0;0.0;0.8483333333333333;0.6143444022381985;party1_utility.xml;party2_utility.xml
11,815;8803;;12s;Yes;No;2;0,72167;0,97619;0,00000;0,07924;1,69786;PokerFace@2;Group2@3;0.7216666666666667;0.9761884907982836;0.7216666666666667;0.9761884907982836;0.7216666666666667;0.9761884907982836;0.0;0.0;0.7216666666666667;0.9761884907982836;party1_utility.xml;party2_utility.xml
0,009;3;;12s;Yes;No;2;0,65833;1,00000;0,00000;0,14542;1,65833;TUDMixedStrategyAgent@4;Group2@5;0.6583333333333333;1.0;0.6583333333333333;1.0;0.6583333333333333;1.0;0.0;0.0;0.6583333333333333;1.0;party1_utility.xml;party2_utility.xml
0,004;2;;12s;Yes;No;2;0,29693;1,00000;0,00000;0,66723;1,29693;Group2@6;TUDMixedStrategyAgent@7;1.0;0.2969260373579895;1.0;0.2969260373579895;1.0;0.2969260373579895;0.0;0.0;1.0;0.2969260373579895;party1_utility.xml;party2_utility.xml
0,007;2;;12s;Yes;No;2;0,55024;0,89917;0,09403;0,39517;1,44941;PokerFace@8;TUDMixedStrategyAgent@9;0.8991666666666666;0.5502446452795107;0.8991666666666666;0.5502446452795107;0.8991666666666666;0.5502446452795107;0.0;0.0;0.8991666666666666;0.5502446452795107;party1_utility.xml;party2_utility.xml
0,010;3;;12s;Yes;No;2;0,70917;0,91145;0,06594;0,07774;1,62062;TUDMixedStrategyAgent@10;PokerFace@11;0.7091666666666667;0.9114487776310307;0.7091666666666667;0.9114487776310307;0.7091666666666667;0.9114487776310307;0.0;0.0;0.7091666666666667;0.9114487776310307;party1_utility.xml;party2_utility.xml
