sep=;
Run time (s);Round;Exception;deadline;Agreement;Discounted;#agreeing;min.util.;max.util.;Dist. to Pareto;Dist. to Nash;Social Welfare;Agent 1;Agent 2;Utility 1;Utility 2;Disc. Util. 1;Disc. Util. 2;Perceived. Util. 1;Perceived. Util. 2;User Bother 1;User Bother 2;User Util. 1;User Util. 2;Profile 1;Profile 2
0,006;6;;60rounds;Yes;No;2;0,74667;0,77847;0,12816;0,15492;1,52513;ConcederNegotiationParty@18;ConcederNegotiationParty@19;0.7466666666666668;0.7784676281352214;0.7466666666666668;0.7784676281352214;0.7466666666666668;0.7784676281352214;0.0;0.0;0.7466666666666668;0.7784676281352214;party1_utility.xml;party2_utility.xml
0,027;30;;60rounds;Yes;No;2;0,49465;0,97500;0,00000;0,47369;1,46965;BoulwareNegotiationParty@20;ConcederNegotiationParty@21;0.975;0.49464690002105177;0.975;0.49464690002105177;0.975;0.49464690002105177;0.0;0.0;0.975;0.49464690002105177;party1_utility.xml;party2_utility.xml
0,011;10;;60rounds;Yes;No;2;0,65833;1,00000;0,00000;0,14542;1,65833;ConcederNegotiationParty@22;BoulwareNegotiationParty@23;0.6583333333333333;1.0;0.6583333333333333;1.0;0.6583333333333333;1.0;0.0;0.0;0.6583333333333333;1.0;party1_utility.xml;party2_utility.xml
0,043;51;;60rounds;Yes;No;2;0,67250;0,69869;0,20961;0,25593;1,37119;BoulwareNegotiationParty@24;BoulwareNegotiationParty@25;0.6725;0.69869077026364;0.6725;0.69869077026364;0.6725;0.69869077026364;0.0;0.0;0.6725;0.69869077026364;party1_utility.xml;party2_utility.xml
