sep=;
Run time (s);Round;Exception;deadline;Agreement;Discounted;#agreeing;min.util.;max.util.;Dist. to Pareto;Dist. to Nash;Social Welfare;Agent 1;Agent 2;Utility 1;Utility 2;Disc. Util. 1;Disc. Util. 2;Perceived. Util. 1;Perceived. Util. 2;User Bother 1;User Bother 2;User Util. 1;User Util. 2;Profile 1;Profile 2
0,049;61;;60rounds;No;No;1;0,00000;0,00000;1,03604;1,21592;0,00000;TitForTatAgentTB@66;TitForTatAgentTB@67;0.0;0.0;0.0;0.0;0.0;0.0;0.0;0.0;0.0;0.0;party1_utility.xml;party2_utility.xml
0,039;52;;60rounds;Yes;No;2;0,72167;0,89253;0,06438;0,07287;1,61419;TimeDependentAgentBoulware@68;TitForTatAgentTB@69;0.7216666666666667;0.892528230487994;0.7216666666666667;0.892528230487994;0.0;0.892528230487994;0.0;0.0;0.7216666666666667;0.892528230487994;party1_utility.xml;party2_utility.xml
0,038;52;;60rounds;Yes;No;2;0,84833;0,85649;0,00000;0,09595;1,70482;TitForTatAgentTB@70;TimeDependentAgentBoulware@71;0.8483333333333334;0.8564909885811369;0.8483333333333334;0.8564909885811369;0.8483333333333334;0.0;0.0;0.0;0.8483333333333334;0.8564909885811369;party1_utility.xml;party2_utility.xml
0,037;50;;60rounds;Yes;No;2;0,73764;0,81500;0,06334;0,19327;1,55264;TimeDependentAgentBoulware@72;TimeDependentAgentBoulware@73;0.8150000000000002;0.7376420875390144;0.8150000000000002;0.7376420875390144;0.0;0.0;0.0;0.0;0.8150000000000002;0.7376420875390144;party1_utility.xml;party2_utility.xml
