sep=;
Run time (s);Round;Exception;deadline;Agreement;Discounted;#agreeing;min.util.;max.util.;Dist. to Pareto;Dist. to Nash;Social Welfare;Agent 1;Agent 2;Utility 1;Utility 2;Disc. Util. 1;Disc. Util. 2;Perceived. Util. 1;Perceived. Util. 2;User Bother 1;User Bother 2;User Util. 1;User Util. 2;Profile 1;Profile 2
0,027;34;;60rounds;Yes;Yes;2;0,53567;0,59196;0,00000;0,12244;1,12763;TitForTatAgentTB@16;TitForTatAgentTB@17;0.851647611783233;0.9411329008630686;0.5356711528118511;0.5919558030567201;0.5356711528118511;0.5919558030567201;0.0;0.0;0.5356711528118511;0.5919558030567201;laptop_buyer_utility.xml;laptop_seller_utility.xml
0,004;4;;60rounds;Yes;Yes;2;0,81650;0,90229;0,00000;0,18662;1,71878;TimeDependentAgentConceder@18;TitForTatAgentTB@19;0.851647611783233;0.9411329008630686;0.816496497682301;0.9022883488151741;0.0;0.9022883488151741;0.0;0.0;0.816496497682301;0.9022883488151741;laptop_buyer_utility.xml;laptop_seller_utility.xml
0,003;3;;60rounds;Yes;Yes;2;0,82805;0,91506;0,00000;0,18926;1,74310;TitForTatAgentTB@20;TimeDependentAgentConceder@21;0.851647611783233;0.9411329008630686;0.8280493013800705;0.9150550418778334;0.8280493013800705;0.0;0.0;0.0;0.8280493013800705;0.9150550418778334;laptop_buyer_utility.xml;laptop_seller_utility.xml
0,004;4;;60rounds;Yes;Yes;2;0,81650;0,90229;0,00000;0,18662;1,71878;TimeDependentAgentConceder@22;TimeDependentAgentConceder@23;0.851647611783233;0.9411329008630686;0.816496497682301;0.9022883488151741;0.0;0.0;0.0;0.0;0.816496497682301;0.9022883488151741;laptop_buyer_utility.xml;laptop_seller_utility.xml
