sep=;
Run time (s);Round;Exception;deadline;Agreement;Discounted;#agreeing;min.util.;max.util.;Dist. to Pareto;Dist. to Nash;Social Welfare;Agent 1;Agent 2;Utility 1;Utility 2;Disc. Util. 1;Disc. Util. 2;Perceived. Util. 1;Perceived. Util. 2;User Bother 1;User Bother 2;User Util. 1;User Util. 2;Profile 1;Profile 2
0,048;61;;60rounds;No;No;1;0,00000;0,00000;1,03604;1,21592;0,00000;TitForTatAgentTB@56;TitForTatAgentTB@57;0.0;0.0;0.0;0.0;0.0;0.0;0.0;0.0;0.0;0.0;party1_utility.xml;party2_utility.xml
0,041;53;;60rounds;Yes;No;2;0,70917;0,93590;0,04218;0,07619;1,64507;TimeDependentAgentBoulware@58;TitForTatAgentTB@59;0.7091666666666667;0.9359002430413121;0.7091666666666667;0.9359002430413121;0.0;0.9359002430413121;0.0;0.0;0.7091666666666667;0.9359002430413121;party1_utility.xml;party2_utility.xml
0,038;53;;60rounds;Yes;No;2;0,69002;0,87833;0,00608;0,25616;1,56835;TitForTatAgentTB@60;TimeDependentAgentBoulware@61;0.8783333333333334;0.6900190691355816;0.8783333333333334;0.6900190691355816;0.8783333333333334;0.0;0.0;0.0;0.8783333333333334;0.6900190691355816;party1_utility.xml;party2_utility.xml
0,035;50;;60rounds;Yes;No;2;0,73764;0,81500;0,06334;0,19327;1,55264;TimeDependentAgentBoulware@62;TimeDependentAgentBoulware@63;0.8150000000000002;0.7376420875390144;0.8150000000000002;0.7376420875390144;0.0;0.0;0.0;0.0;0.8150000000000002;0.7376420875390144;party1_utility.xml;party2_utility.xml
